strong	count	hebrew	xlit	def	usage
H4908	58	מִשְׁכָּן	mishkân	residence	dwelleth, dwelling (place), habitation, tabernacle, tent.
H134	51	אֶדֶן	ʼeden	strength	foundation, socket.
H7175	48	קֶרֶשׁ	qeresh	split	bench, board.
H3407	44	יְרִיעָה	yᵉrîyʻâh	hanging	curtain.
H2885	41	טַבַּעַת	ṭabbaʻath	seal	ring.
H5982	40	עַמּוּד	ʻammûwd	column	× apiece, pillar.
H8504	34	תְּכֵלֶת	tᵉkêleth	mussel	blue.
H8336	33	שֵׁשׁ	shêsh	bleached	× blue, fine (twined) linen, marble, silk.
H646	29	אֵפוֹד	ʼêphôwd	girdle	ephod.
H4294	27	מַטֶּה	maṭṭeh	branch	rod, staff, tribe.
H713	26	אַרְגָּמָן	ʼargâmân	purple	purple.
H8144	26	שָׁנִי	shânîy	crimson	crimson, scarlet (thread).
H727	26	אָרוֹן	ʼârôwn	box	ark, chest, coffin.
H6823	26	צָפָה	tsâphâh	expansion	cover, overlay.
H5656	23	עֲבֹדָה	ʻăbôdâh	work	act, bondage, bondservant, effect, labour, ministering(-try), office, service(-ile, -itude), tillage, use, work, × wrought.
H2833	23	חֹשֶׁן	chôshen	contain	breastplate.
H5715	21	עֵדוּת	ʻêdûwth	testimony	testimony, witness.
H7098	21	קָצָה	qâtsâh	termination	coast, corner, (selv-) edge, lowest, (uttermost) participle
H7806	21	שָׁזַר	shâzar	twist	twine.
H2677	20	חֵצִי	chêtsîy	half	half, middle, mid(-night), midst, part, two parts.
H4501	20	מְנוֹרָה	mᵉnôwrâh	chandelier	candlestick.
H3727	18	כַּפֹּרֶת	kappôreth	lid	mercy seat.
H7979	18	שֻׁלְחָן	shulchân	table	table.
H1259	17	בָּרָד	bârâd	hail	hail(stones).
H3871	17	לוּחַ	lûwach	glisten	board, plate, table.
H8641	17	תְּרוּמָה	tᵉrûwmâh	present	gift, heave offering (shoulder), oblation, offered(-ing).
H3742	17	כְּרוּב	kᵉrûwb	cherub	cherub, (plural) cherubims.
H4682	16	מַצָּה	matstsâh	greedily	unleaved (bread, cake), without leaven.
H3730	16	כַּפְתֹּר	kaphtôr	encircle	knop, (upper) lintel.
H4539	16	מָסָךְ	mâçâk	cover	covering, curtain, hanging.
H2859	15	חָתַן	châthan	give	join in affinity, father in law, make marriages, mother in law, son in law.
H5712	15	עֵדָה	ʻêdâh	fixture	assembly, company, congregation, multitude, people, swarm. Compare 5713.
H4888	15	מִשְׁחָה	mishchâh	unction	(to be) anointed(-ing), ointment.
H6285	15	פֵּאָה	pêʼâh	mouth	corner, end, quarter, side.
H6532	15	פֹּרֶכֶת	pôreketh	separatrix	vail.
H2266	14	חָבַר	châbar	join	charm(-er), be compact, couple (together), have fellowship with, heap up, join (self, together), league.
H5514	13	סִינַי	Çîynay	Sinai	Sinai.
H3924	13	לֻלָאָה	lulâʼâh	loop	loop.
H2053	13	וָו	vâv	hook	hook.
H7050	13	קֶלַע	qelaʻ	sling	hanging, leaf, sling.
H3802	13	כָּתֵף	kâthêph	clothe	arm, corner, shoulder(-piece), side, undersetter.
H2282	12	חַג	chag	festival	(solemn) feast (day), sacrifice, solemnity.
H3547	12	כָּהַן	kâhan	officiate	deck, be (do the office of a, execute the, minister in the) priest('s office).
H2905	12	טוּר	ṭûwr	range	row.
H4886	12	מָשַׁח	mâshach	rub with oil	anoint, paint.
H6854	11	צְפַרְדֵּעַ	tsᵉphardêaʻ	marsh-leaper	frog.
H5561	11	סַם	çam	smell	sweet (spice).
H5216	11	נִיר	nîyr	glisten	candle, lamp, light.
H6967	10	קוֹמָה	qôwmâh	height	× along, height, high, stature, tall.
H2213	10	זֵר	zêr	scattering	crown.
H7165	10	קֶרֶס	qereç	knob	tache.
H3503	9	יִתְרוֹ	Yithrôw	his excellence	Jethro. Compare 3500.
H2583	9	חָנָה	chânâh	incline	abide (in tents), camp, dwell, encamp, grow to an end, lie, pitch (tent), rest in tent.
H6499	9	פַּר	par	bullock	( young) bull(-ock), calf, ox.
H6654	9	צַד	tsad	side	(be-) side.
H4598	9	מְעִיל	mᵉʻîyl	robe	cloke, coat, mantle, robe.
H3595	9	כִּיּוֹר	kîyôwr	round	hearth, laver, pan, scaffold.
H8401	8	תֶּבֶן	teben	material	chaff, straw, stubble.
H6279	8	עָתַר	ʻâthar	burn incense	intreat, (make) pray(-er).
H5619	8	סָקַל	çâqal	be weighty	(cast, gather out, throw) stone(-s), × surely.
H2146	8	זִכְרוֹן	zikrôwn	memento	memorial, record.
H4136	8	מוּל	mûwl	abrupt	(over) against, before, (fore-) front, from, (God-) ward, toward, with.
H4394	8	מִלֻּא	milluʼ	fulfilling	consecration, be set.
H3332	8	יָצַק	yâtsaq	pour out	cast, cleave fast, be (as) firm, grow, be hard, lay out, molten, overflow, pour (out), run out, set down, stedfast.
H6525	8	פֶּרַח	perach	calyx	blossom, bud, flower.
H4225	8	מַחְבֶּרֶת	machbereth	junction	coupling.
H4372	8	מִכְסֶה	mikçeh	covering	covering.
H7551	8	רָקַם	râqam	variegate	embroiderer, needlework, curiously work.
H2838	8	חָשֻׁק	châshuq	attached	fillet.
H3489	8	יָתֵד	yâthêd	pin	nail, paddle, pin, stake.
H2451	8	חׇכְמָה	chokmâh	wisdom	skilful, wisdom, wisely, wit.
H4701	8	מִצְנֶפֶת	mitsnepheth	tiara	diadem, mitre.
H4865	8	מִשְׁבְּצָה	mishbᵉtsâh	brocade	ouch, wrought.
H5688	8	עֲבֹת	ʻăbôth	intwined	band, cord, rope, thick bough (branch), wreathen (chain).
H5488	7	סוּף	çûwph	reed	flag, Red (sea), weed. Compare 5489.
H2389	7	חָזָק	châzâq	strong	harder, hottest, impudent, loud, mighty, sore, stiff(-hearted), strong(-er).
H2748	7	חַרְטֹם	charṭôm	horoscopist	magician.
H5062	7	נָגַף	nâgaph	push	beat, dash, hurt, plague, slay, smite (down), strike, stumble, × surely, put to the worse.
H6157	7	עָרֹב	ʻârôb	mosquito	divers sorts of flies, swarm.
H697	7	אַרְבֶּה	ʼarbeh	locust	grasshopper, locust.
H2557	7	חָמֵץ	châmêts	ferment	leaven, leavened (bread).
H2428	7	חַיִל	chayil	force	able, activity, ( ) army, band of men (soldiers), company, (great) forces, goods, host, might, power, riches, strength, strong, substance, train, ( ) valiant(-ly), valour, virtuous(-ly), war, worthy(-ily).
H6571	7	פָּרָשׁ	pârâsh	steed	horseman.
H6002	7	עֲמָלֵק	ʻĂmâlêq	Amalek	Amalek.
H3259	7	יָעַד	yâʻad	fix	agree,(maxke an) appoint(-ment, a time), assemble (selves), betroth, gather (selves, together), meet (together), set (a time).
H7718	7	שֹׁהַם	shôham	gem	onyx.
H2805	7	חֵשֶׁב	chêsheb	belt	curious girdle.
H6472	7	פַּעֲמֹן	paʻămôn	bell	bell.
H3653	7	כֵּן	kên	stand	base, estate, foot, office, place, well.
H3898	6	לָחַם	lâcham	feed on	devour, eat, × ever, fight(-ing), overcome, prevail, (make) war(-ring).
H5450	6	סְבָלָה	çᵉbâlâh	porterage	burden.
H3320	6	יָצַב	yâtsab	place	present selves, remaining, resort, set (selves), (be able to, can, with-) stand (fast, forth, -ing, still, up).
H1197	6	בָּעַר	bâʻar	kindle	be brutish, bring (put, take) away, burn, (cause to) eat (up), feed, heat, kindle, set (on fire), waste.
H887	6	בָּאַשׁ	bâʼash	smell	(make to) be abhorred (had in abomination, loathsome, odious), (cause a, make to) stink(-ing savour), × utterly.
H2236	6	זָרַק	zâraq	sprinkle	be here and there, scatter, sprinkle, strew.
H3532	6	כֶּבֶשׂ	kebes	dominate	lamb, sheep.
H1310	6	בָּשַׁל	bâshal	boil	bake, boil, bring forth, roast, seethe, sod (be sodden).
H6453	6	פֶּסַח	peçach	pretermission	passover (offering).
H8519	6	תְּלוּנָה	tᵉlûwnâh	obstinacy	murmuring.
H6016	6	עֹמֶר	ʻômer	heap	omer, sheaf.
H2354	6	חוּר	Chûwr	Chur	Hur.
H119	6	אָדַם	ʼâdam	show blood	be (dyed, made) red (ruddy).
H8476	6	תַּחַשׁ	tachash	animal with fur	badger.
H1314	6	בֶּשֶׂם	besem	fragrance	smell, spice, sweet (odour).
H4749	6	מִקְשָׁה	miqshâh	rounded	beaten (out of one piece, work), upright, whole piece.
H4526	6	מִסְגֶּרֶת	miçgereth	enclosing	border, close place, hole.
H8246	6	שָׁקַד	shâqad	be	make like (unto, after the fashion of) almonds.
H3411	6	יְרֵכָה	yᵉrêkâh	flank	border, coast, part, quarter, side.
H4295	6	מַטָּה	maṭṭâh	downward	beneath, down(-ward), less, very low, under(-neath).
H7251	6	רָבַע	râbaʻ	be quadrate	(four-) square(-d).
H4345	6	מַכְבֵּר	makbêr	grate	grate.
H6603	6	פִּתּוּחַ	pittûwach	sculpture	carved (work) (are, en-) grave(-ing, -n).
H2368	6	חוֹתָם	chôwthâm	signature-ring	seal, signet.
H7757	6	שׁוּל	shûwl	hang	hem, skirt, train.
H8573	6	תְּנוּפָה	tᵉnûwphâh	brandishing	offering, shaking, wave (offering).
H1212	6	בְּצַלְאֵל	Bᵉtsalʼêl	in	Bezaleel.
H5695	6	עֵגֶל	ʻêgel	calf	bullock, calf.
H4069	5	מַדּוּעַ	maddûwaʻ	what	how, wherefore, why.
H5572	5	סְנֶה	çᵉneh	prick	bush.
H5065	5	נָגַשׂ	nâgas	drive	distress, driver, exact(-or), oppress(-or), × raiser of taxes, taskmaster.
H1706	5	דְּבַשׁ	dᵉbash	be gummy	honey(-comb).
H2436	5	חֵיק	chêyq	bosom	bosom, bottom, lap, midst, within.
H4159	5	מוֹפֵת	môwphêth	conspicuousness	miracle, sign, wonder(-ed at).
H7860	5	שֹׁטֵר	shôṭêr	scribe	officer, overseer, ruler.
H3654	5	כֵּן	kên	gnat	lice, × manner.
H6566	5	פָּרַשׂ	pâras	break	break, chop in pieces, lay open, scatter, spread (abroad, forth, selves, out), stretch (forth, out).
H24	5	אָבִיב	ʼâbîyb	be tender	Abib, ear, green ears of corn (not maize).
H4931	5	מִשְׁמֶרֶת	mishmereth	watch	charge, keep, or to be kept, office, ordinace, safeguard, ward, watch.
H2040	5	הָרַס	hâraç	pull	beat down, break (down, through), destroy, overthrow, pluck down, pull down, ruin, throw down, × utterly.
H5254	5	נָסָה	nâçâh	test	adventure, assay, prove, tempt, try.
H4478	5	מָן	mân	whatness	manna.
H5736	5	עֲדַף	ʻădaph	be	be more, odd number, be (have) over (and above), overplus, remain.
H5130	5	נוּף	nûwph	quiver	lift up, move, offer, perfume, send, shake, sift, strike, wave.
H6203	5	עֹרֶף	ʻôreph	nape	back ((stiff-) neck((-ed).
H5526	5	סָכַךְ	çâkak	entwine	cover, defence, defend, hedge in, join together, set, shut up.
H5980	5	עֻמָּה	ʻummâh	conjunction	(over) against, at, beside, hard by, in points.
H8486	5	תֵּימָן	têymân	south	south (side, -ward, wind).
H73	5	אַבְנֵט	ʼabnêṭ	belt	girdle.
H6616	5	פָּתִיל	pâthîyl	twine	bound, bracelet, lace, line, ribband, thread, wire.
H4276	5	מַחֲצִית	machătsîyth	halving	half (so much), mid(-day).
H171	5	אׇהֳלִיאָב	ʼOhŏlîyʼâb	tent of	Aholiab.
H2100	4	זוּב	zûwb	flow	flow, gush out, have a (running) issue, pine away, run.
H2287	4	חָגַג	châgag	move in a circle	celebrate, dance, (keep, hold) a (solemn) feast (holiday), reel to and fro.
H1639	4	גָּרַע	gâraʻ	scrape	abate, clip, (di-) minish, do (take) away, keep back, restrain, make small, withdraw.
H5070	4	נָדָב	Nâdâb	Nadab	Nadab.
H30	4	אֲבִיהוּא	ʼĂbîyhûwʼ	Abihu	Abihu.
H7822	4	שְׁחִין	shᵉchîyn	inflammation	boil, botch.
H4591	4	מָעַט	mâʻaṭ	pare	suffer to decrease, diminish, (be, × borrow a, give, make) few (in number, -ness), gather least (little), be (seem) little, (× give the) less, be minished, bring to nothing.
H4201	4	מְזוּזָה	mᵉzûwzâh	door-post	(door, side) post.
H3119	4	יוֹמָם	yôwmâm	daily	daily, (by, in the) day(-time).
H6367	4	פִּי הַחִירֹת	Pîy ha-Chîyrôth	mouth of the gorges	Pi-hahiroth. (In Numbers 14:19 without Pi-.)
H1189	4	בַּעַל צְפוֹן	Baʻal Tsᵉphôwn	cold	Baal-zephon.
H1342	4	גָּאָה	gâʼâh	mount	gloriously, grow up, increase, be risen, triumph.
H4687	4	מִצְוָה	mitsvâh	command	(which was) commanded(-ment), law, ordinance, precept.
H6697	4	צוּר	tsûwr	cliff	edge, × (mighty) God (one), rock, × sharp, stone, × strength, × strong. See also 1049.
H2670	4	חׇפְשִׁי	chophshîy	exempt	free, liberty.
H5055	4	נָגַח	nâgach	butt	gore, push (down, -ing).
H1061	4	בִּכּוּר	bikkûwr	first-fruits	first fruit (-ripe (figuratively)), hasty fruit.
H5676	4	עֵבֶר	ʻêber	across	× against, beyond, by, × from, over, passage, quarter, (other, this) side, straight.
H4289	4	מַחְתָּה	machtâh	removal	censer, firepan, snuffdish.
H4060	4	מִדָּה	middâh	extension	garment, measure(-ing, meteyard, piece, size, (great) stature, tribute, wide.
H2279	4	חֹבֶרֶת	chôbereth	joint	which coupleth, coupling.
H7020	4	קִיצוֹן	qîytsôwn	terminal	out-(utter-) most.
H6249	4	עַשְׁתֵּי	ʻashtêy	eleven	eleven(-th).
H3717	4	כָּפַל	kâphal	fold	double.
H7568	4	רֶשֶׁת	resheth	net	net(-work).
H2239	4	זֶרֶת	zereth	spread	span.
H707	4	אָרַג	ʼârag	plait	weaver(-r).
H801	4	אִשָּׁה	ʼishshâh	burnt-offering	(offering, sacrifice), (made) by fire.
H7543	4	רָקַח	râqach	to perfume	apothecary, compound, make (ointment), prepare, spice.
H4284	4	מַחֲשָׁבָה	machăshâbâh	contrivance	cunning (work), curious work, device(-sed), imagination, invented, means, purpose, thought.
H2799	4	חֲרֹשֶׁת	chărôsheth	work	carving, cutting.
H8278	4	שְׂרָד	sᵉrâd	stitching	service.
H2563	3	חֹמֶר	chômer	bubbling	clay, heap, homer, mire, motion.
H1802	3	דָּלָה	dâlâh	dangle	draw (out), × enough, lift up.
H6855	3	צִפֹּרָה	Tsippôrâh	bird	Zipporah.
H5237	3	נׇכְרִי	nokrîy	strange	alien, foreigner, outlandish, strange(-r, woman).
H5090	3	נָהַג	nâhag	drive	acquaint, bring (away), carry away, drive (away), lead (away, forth), (be) guide, lead (away, forth).
H2722	3	חֹרֵב	Chôrêb	desolate	Horeb.
H3905	3	לָחַץ	lâchats	press	afflict, crush, force, hold fast, oppress(-or), thrust self.
H3881	3	לֵוִיִּי	Lêvîyîy	Levite	Leviite.
H1698	3	דֶּבֶר	deber	pestilence	murrain, pestilence, plague.
H6544	3	פָּרַע	pâraʻ	loosen	avenge, avoid, bare, go back, let, (make) naked, set at nought, perish, refuse, uncover.
H4971	3	מַתְכֹנֶת	mathkôneth	proportion	composition, measure, state, tale.
H8201	3	שֶׁפֶט	shepheṭ	sentence	judgment.
H6189	3	עָרֵל	ʻârêl	exposed	uncircumcised (person).
H6955	3	קְהָת	Qᵉhâth	allied	Kohath.
H6019	3	עַמְרָם	ʻAmrâm	Amram	Amram.
H499	3	אֶלְעָזָר	ʼElʻâzâr	Elazar	Eleazar.
H385	3	אִיתָמָר	ʼÎythâmâr	Ithamar	Ithamar.
H3909	3	לָט	lâṭ	covered	enchantment, privily, secretly, softly.
H3986	3	מָאֵן	mâʼên	unwilling	refuse.
H4970	3	מָתַי	mâthay	extent	long, when.
H676	3	אֶצְבַּע	ʼetsbaʻ	grasping	finger, toe.
H4393	3	מְלֹא	mᵉlôʼ	fulness	× all along, × all that is (there-) in, fill, (× that whereof...was) full, fulness, (hand-) full, multitude.
H3536	3	כִּבְשָׁן	kibshân	furnace	furnace.
H2406	3	חִטָּה	chiṭṭâh	wheat	wheat(-en).
H4170	3	מוֹקֵשׁ	môwqêsh	noose	be ensnared, gin, (is) snare(-d), trap.
H4947	3	מַשְׁקוֹף	mashqôwph	lintel	lintel.
H6452	3	פָּסַח	pâçach	hop	halt, become lame, leap, pass over.
H7603	3	שְׂאֹר	sᵉʼôr	barm	leaven.
H249	3	אֶזְרָח	ʼezrâch	springing up	bay tree, (home-) born (in the land), of the (one's own) country (nation).
H2392	3	חֹזֶק	chôzeq	power	strength.
H4785	3	מָרָה	Mârâh	bitter	Marah.
H362	3	אֵילִם	ʼÊylim	trees	Elim.
H5518	3	סִיר	çîyr	boil	caldron, fishhook, pan, (wash-)pot, thorn.
H7677	3	שַׁבָּתוֹן	shabbâthôwn	sabbatism	rest, sabbath.
H4550	3	מַסַּע	maççaʻ	departure	journey(-ing).
H7508	3	רְפִידִים	Rᵉphîydîym	ballusters	Rephidim.
H5749	3	עוּד	ʻûwd	duplicate	admonish, charge, earnestly, lift up, protest, call (take) to record, relieve, rob, solemnly, stand upright, testify, give warning, (bear, call to, give, take to) witness.
H7067	3	קַנָּא	qannâʼ	jealous	jealous. Compare 7072.
H1610	3	גַּף	gaph	arch	highest places, himself.
H3682	3	כְּסוּת	kᵉçûwth	cover	covering, raiment, vesture.
H1590	3	גַּנָּב	gannâb	stealer	thief.
H3754	3	כֶּרֶם	kerem	garden	vines, (increase of the) vineyard(-s), vintage. See also 1021.
H2132	3	זַיִת	zayith	olive	olive (tree, -yard), Olivet.
H5157	3	נָחַל	nâchal	inherit	divide, have (inheritance), take as a heritage, (cause to, give to, make to) inherit, (distribute for, divide (for, for an, by), give for, have, leave for, take (for)) inheritance, (have in, cause to, be made to) possess(-ion).
H5601	3	סַפִּיר	çappîyr	gem	sapphire.
H5068	3	נָדַב	nâdab	to impel	offer freely, be (give, make, offer self) willing(-ly).
H8382	3	תָּאַם	tâʼam	be	coupled (together), bear twins.
H2836	3	חָשַׁק	châshaq	cling	have a delight, (have a) desire, fillet, long, set (in) love.
H2796	3	חָרָשׁ	chârâsh	fabricator	artificer, ( ) carpenter, craftsman, engraver, maker, mason, skilful, ( ) smith, worker, workman, such as wrought.
H4142	3	מוּסַבָּה	mûwçabbâh	reversal	being changed, inclosed, be set, turning.
H8333	3	שַׁרְשְׁרָה	sharshᵉrâh	chain	chain.
H4396	3	מִלֻּאָה	milluʼâh	filling	enclosing, setting.
H4021	3	מִגְבָּעָה	migbâʻâh	cap	bonnet.
H5207	3	נִיחוֹחַ	nîychôwach	restful	sweet (odour).
H3233	3	יְמָנִי	yᵉmânîy	right	(on the) right (hand).
H2114	3	זוּר	zûwr	turn aside	(come from) another (man, place), fanner, go away, (e-) strange(-r, thing, woman).
H1969	3	הִין	hîyn	hin	hin.
H5262	3	נֶסֶךְ	neçek	libation	cover, drink offering, molten image.
H221	3	אוּרִי	ʼÛwrîy	fiery	Uri.
H294	3	אֲחִיסָמָךְ	ʼĂchîyçâmâk	brother of support	Ahisamach.
H6561	3	פָּרַק	pâraq	break off	break (off), deliver, redeem, rend (in pieces), tear in pieces.
H4541	3	מַסֵּכָה	maççêkâh	pouring	covering, molten (image), vail.
H4385	3	מִכְתָּב	miktâb	written	writing.
H2401	3	חֲטָאָה	chăṭâʼâh	offence	sin (offering).
H5716	3	עֲדִי	ʻădîy	trappings	× excellent, mouth, ornament.
H4533	3	מַסְוֶה	maçveh	cover	vail.
H7117	3	קְצָת	qᵉtsâth	termination	end, part, × some.
H6105	2	עָצַם	ʻâtsam	bind fast	break the bones, close, be great, be increased, be (wax) mighty(-ier), be more, shut, be(-come, make) strong(-er).
H7486	2	רַעְמְסֵס	Raʻmᵉçêç	Rameses	Raamses, Rameses.
H6531	2	פֶּרֶךְ	perek	fracture	cruelty, rigour.
H5327	2	נָצָה	nâtsâh	go forth	be laid waste, runinous, strive (together).
H1647	2	גֵּרְשֹׁם	Gêrᵉshôm	Gereshom	Gershom.
H5009	2	נְאָקָה	nᵉʼâqâh	groan	groaning.
H5275	2	נַעַל	naʻal	sandal tongue	dryshod, (pair of) shoe((-latchet), -s).
H2143	2	זֵכֶר	zêker	memento	memorial, memory, remembrance, scent.
H6381	2	פָּלָא	pâlâʼ	separate	accomplish, (arise...too, be too) hard, hidden, things too high, (be, do, do a, shew) marvelous(-ly, -els, things, work), miracles, perform, separate, make singular, (be, great, make) wonderful(-ers, -ly, things, works), wondrous (things, works, -ly).
H7934	2	שָׁכֵן	shâkên	resident	inhabitant, neighbour, nigh.
H994	2	בִּי	bîy	oh that!	alas, O, oh.
H6493	2	פִּקֵּחַ	piqqêach	clear-sighted	seeing, wise.
H6298	2	פָּגַשׁ	pâgash	come in contact with	meet (with, together).
H3835	2	לָבַן	lâban	be	make brick, be (made, make) white(-r).
H7179	2	קַשׁ	qash	straw	stubble.
H1350	2	גָּאַל	gâʼal	redeem	× in any wise, × at all, avenger, deliver, (do, perform the part of near, next) kinsfolk(-man), purchase, ransom, redeem(-er), revenger.
H2220	2	זְרוֹעַ	zᵉrôwaʻ	arm	arm, help, mighty, power, shoulder, strength.
H1648	2	גֵּרְשׁוֹן	Gêrᵉshôwn	refugee	Gershon, Gershom.
H4847	2	מְרָרִי	Mᵉrârîy	bitter	Merari. See also 4848.
H3324	2	יִצְהָר	Yitshâr	Jitshar	Izhar.
H5816	2	עֻזִּיאֵל	ʻUzzîyʼêl	strength of God	Uzziel.
H3784	2	כָּשַׁף	kâshaph	whisper	sorcerer, (use) witch(-craft).
H1104	2	בָּלַע	bâlaʻ	make away with	cover, destroy, devour, eat up, be at end, spend up, swallow down (up).
H98	2	אֲגַם	ʼăgam	collect	pond, pool, standing (water).
H4904	2	מִשְׁכָּב	mishkâb	bed	bed(-chamber), couch, lieth (lying) with.
H4863	2	מִשְׁאֶרֶת	mishʼereth	swelling	kneading trough, store.
H8441	2	תּוֹעֵבַה	tôwʻêbah	disgusting	abominable (custom, thing), abomination.
H6368	2	פִּיחַ	pîyach	powder	ashes.
H6524	2	פָּרַח	pârach	break forth	× abroad, × abundantly, blossom, break forth (out), bud, flourish, make fly, grow, spread, spring (up).
H76	2	אֲבַעְבֻּעָה	ʼăbaʻbuʻâh	inflammatory pustule	blains.
H6594	2	פִּשְׁתָּה	pishtâh	flax	flax, tow.
H8184	2	שְׂעֹרָה	sᵉʻôrâh	barley	barley.
H4306	2	מָטַר	mâṭar	rain	rain.
H1397	2	גֶּבֶר	geber	valiant	every one, man, × mighty.
H3678	2	כִּסֵּא	kiççêʼ	covered	seat, stool, throne.
H3611	2	כֶּלֶב	keleb	yelp	dog.
H6748	2	צָלִי	tsâlîy	roasted	roast.
H3767	2	כָּרָע	kârâʻ	leg	leg.
H3602	2	כָּכָה	kâkâh	just so	after that (this) manner, this matter, (even) so, in such a case, thus.
H4975	2	מֹתֶן	môthen	be slender	greyhound, loins, side.
H2296	2	חָגַר	châgar	gird	be able to put on, be afraid, appointed, gird, restrain, × on every side.
H5063	2	נֶגֶף	negeph	trip	plague, stumbling.
H4744	2	מִקְרָא	miqrâʼ	called	assembly, calling, convocation, reading.
H4900	2	מָשַׁךְ	mâshak	draw	draw (along, out), continue, defer, extend, forbear, × give, handle, make (pro-, sound) long, × sow, scatter, stretch out.
H5592	2	סַף	çaph	vestibule	bason, bowl, cup, door (post), gate, post, threshold.
H1217	2	בָּצֵק	bâtsêq	dough	dough, flour.
H2556	2	חָמֵץ	châmêts	be pungent	cruel (man), dyed, be grieved, leavened.
H6887	2	צָרַר	tsârar	cramp	adversary, (be in) afflict(-ion), beseige, bind (up), (be in, bring) distress, enemy, narrower, oppress, pangs, shut up, be in a strait (trouble), vex.
H5523	2	סֻכּוֹת	Çukkôwth	booths	Succoth.
H8107	2	שִׁמֻּר	shimmur	observance	× be (much) observed.
H7916	2	שָׂכִיר	sâkîyr	at wages	hired (man, servant), hireling.
H6202	2	עָרַף	ʻâraph	slopping	that is beheaded, break down, break (cut off, strike off) neck.
H4185	2	מוּשׁ	mûwsh	contact	cease, depart, go back, remove, take away.
H3444	2	יְשׁוּעָה	yᵉshûwʻâh	saved	deliverance, health, help(-ing), salvation, save, saving (health), welfare.
H2346	2	חוֹמָה	chôwmâh	join	wall, walled.
H2000	2	הָמַם	hâmam	put in commotion	break, consume, crush, destroy, discomfit, trouble, vex.
H4818	2	מֶרְכָּבָה	merkâbâh	chariot	chariot. See also 1024.
H5797	2	עֹז	ʻôz	strength	boldness, loud, might, power, strength, strong.
H142	2	אָדַר	ʼâdar	expand	(become) glorious, honourable.
H2740	2	חָרוֹן	chârôwn	burning	sore displeasure, fierce(-ness), fury, (fierce) wrath(-ful).
H2098	2	זוּ	zûw	this	that, this, × wherein, which, whom.
H367	2	אֵימָה	ʼêymâh	fright	dread, fear, horror, idol, terrible, terror.
H4720	2	מִקְדָּשׁ	miqdâsh	consecrated	chapel, hallowed part, holy place, sanctuary.
H4813	2	מִרְיָם	Miryâm	rebelliously	Miriam.
H8596	2	תֹּף	tôph	tambourine	tabret, timbrel.
H4246	2	מְחֹלָה	mᵉchôlâh	dance	company, dances(-cing).
H4245	2	מַחֲלֶה	machăleh	sickness	disease, infirmity, sickness.
H5512	2	סִין	Çîyn	Sin	Sin.
H5168	2	נַחְנוּ	nachnûw	we	we.
H2919	2	טַל	ṭal	dew	dew.
H1538	2	גֻּלְגֹּלֶת	gulgôleth	skull	head, every man, poll, skull.
H4557	2	מִסְפָּר	miçpâr	number	abundance, account, × all, × few, (in-) finite, (certain) number(-ed), tale, telling, time.
H1389	2	גִּבְעָה	gibʻâh	hillock	hill, little hill.
H3071	2	יְהֹוָה נִסִּי	Yᵉhôvâh niççîy	Jehovah-Nissi	Jehovah-nissi.
H2102	2	זוּד	zûwd	seethe	be proud, deal proudly, presume, (come) presumptuously, sod.
H5034	2	נָבֵל	nâbêl	wilt	disgrace, dishounour, lightly esteem, fade (away, -ing), fall (down, -ling, off), do foolishly, come to nought, × surely, make vile, wither.
H6918	2	קָדוֹשׁ	qâdôwsh	sacred	holy (One), saint.
H3526	2	כָּבַס	kâbaç	trample	fuller, wash(-ing).
H1379	2	גָּבַל	gâbal	twist	be border, set (bounds about).
H2729	2	חָרַד	chârad	shudder	be (make) afraid, be careful, discomfit, fray (away), quake, tremble.
H6227	2	עָשָׁן	ʻâshân	smoke	smoke(-ing).
H8029	2	שִׁלֵּשׁ	shillêsh	third	third (generation).
H7256	2	רִבֵּעַ	ribbêaʻ	fourth	fourth.
H2600	2	חִנָּם	chinnâm	gratis	without a cause (cost, wages), causeless, to cost nothing, free(-ly), innocent, for nothing (nought, in vain.
H6064	2	עָנַשׁ	ʻânash	urge	amerce, condemn, punish, × surely.
H3555	2	כְּוִיָּה	kᵉvîyâh	branding	burning.
H6482	2	פֶּצַע	petsaʻ	wound	wound(-ing).
H2250	2	חַבּוּרָה	chabbûwrâh	bound	blueness, bruise, hurt, stripe, wound.
H5355	2	נָקִי	nâqîy	innocent	blameless, clean, clear, exempted, free, guiltless, innocent, quit.
H5056	2	נַגָּח	naggâch	butting	used (wont) to push.
H3724	2	כֹּפֶר	kôpher	cover	bribe, camphire, pitch, ransom, satisfaction, sum of money, village.
H2673	2	חָצָה	châtsâh	cut	divide, × live out half, reach to the midst, participle
H1591	2	גְּנֵבָה	gᵉnêbâh	stealing	theft.
H1165	2	בְּעִיר	bᵉʻîyr	cattle	beast, cattle.
H4315	2	מֵיטָב	mêyṭâb	best	best.
H8008	2	שַׂלְמָה	salmâh	dress	clothes, garment, raiment.
H2966	2	טְרֵפָה	ṭᵉrêphâh	prey	ravin, (that which was) torn (of beasts, in pieces).
H1330	2	בְּתוּלָה	bᵉthûwlâh	virgin	maid, virgin.
H4117	2	מָהַר	mâhar	bargain	endow, × surely.
H490	2	אַלְמָנָה	ʼalmânâh	widow	desolate house (palace), widow.
H3490	2	יָתוֹם	yâthôwm	be lonely	fatherless (child), orphan.
H2254	2	חָבַל	châbal	wind	× at all, band, bring forth, (deal) corrupt(-ly), destroy, offend, lay to (take a) pledge, spoil, travail, × very, withhold.
H2587	2	חַנּוּן	channûwn	gracious	gracious.
H1800	2	דַּל	dal	dangling	lean, needy, poor (man), weaker.
H34	2	אֶבְיוֹן	ʼebyôwn	want	beggar, needy, poor (man).
H7810	2	שַׁחַד	shachad	donation	bribe(-ry), gift, present, reward.
H5314	2	נָפַשׁ	nâphash	breathe	(be) refresh selves (-ed).
H614	2	אָסִיף	ʼâçîyph	gathered	ingathering.
H2138	2	זָכוּר	zâkûwr	male	males, men-children.
H2948	2	טֹפַח	ṭôphach		hand-breadth (broad).
H7086	2	קְעָרָה	qᵉʻârâh	bowl	charger, dish.
H7184	2	קָשָׂה	qâsâh	round	cover, cup.
H4518	2	מְנַקִּית	mᵉnaqqîyth	sacrificial basin	bowl.
H4457	2	מֶלְקָח	melqâch	tweezers	snuffers, tongs.
H6901	2	קָבַל	qâbal	admit	choose, (take) hold, receive, (under-) take.
H5628	2	סָרַח	çârach	extend	exceeding, hand, spread, stretch self, banish.
H268	2	אָחוֹר	ʼâchôwr	hinder	after(-ward), back (part, -side, -ward), hereafter, (be-) hind(-er part), time to come, without.
H7947	2	שָׁלַב	shâlab	space	equally distant, set in order.
H4742	2	מְקֻצְעָה	mᵉqutsʻâh	angle	corner.
H4740	2	מַקְצוֹעַ	maqtsôwaʻ	bending	corner, turning.
H8484	2	תִּיכוֹן	tîykôwn	central	middle(-most), midst.
H5227	2	נֹכַח	nôkach	front	(over) against, before, direct(-ly), for, right (on).
H6438	2	פִּנָּה	pinnâh	angle	bulwark, chief, corner, stay, tower.
H3257	2	יָע	yâʻ	shovel	shovel.
H4219	2	מִזְרָק	mizrâq	bowl	bason, bowl.
H4207	2	מַזְלֵג	mazlêg	draw	fleshhook.
H3749	2	כַּרְכֹּב	karkôb	rim	compass.
H5014	2	נָבַב	nâbab	pierce	hollow, vain.
H4217	2	מִזְרָח	mizrâch	sunrise	east (side, -ward), (sun-) rising (of the sun).
H2134	2	זַךְ	zak	clear	clean, pure.
H3795	2	כָּתִית	kâthîyth	beaten	beaten.
H642	2	אֵפֻדָּה	ʼêphuddâh	girding	ephod, ornament.
H124	2	אֹדֶם	ʼôdem	redness	sardius.
H6357	2	פִּטְדָה	piṭdâh	gem	topaz.
H1304	2	בָּרֶקֶת	bâreqeth	flashing	carbuncle.
H5306	2	נֹפֶךְ	nôphek	glisten	emerald.
H3095	2	יַהֲלֹם	yahălôm	hardness	diamond.
H3958	2	לֶשֶׁם	leshem	gem	ligure.
H7618	2	שְׁבוּ	shᵉbûw	subdivision	agate.
H306	2	אַחְלָמָה	ʼachlâmâh	dream-stone	amethyst.
H8658	2	תַּרְשִׁישׁ	tarshîysh	topaz	beryl.
H3471	2	יָשְׁפֵה	yâshᵉphêh	polish	jasper.
H7660	2	שָׁבַץ	shâbats	interweave	embroider, set.
H1383	2	גַּבְלֻת	gabluth	chain	end.
H7405	2	רָכַס	râkaç	tie	bind.
H2118	2	זָחַח	zâchach	shove	loose.
H3632	2	כָּלִיל	kâlîyl	complete	all, every whit, flame, perfect(-ion), utterly, whole burnt offering (sacrifice), wholly.
H8473	2	תַּחֲרָא	tachărâʼ	corslet	habergeon.
H6731	2	צִיץ	tsîyts	glistening	blossom, flower, plate, wing.
H4696	2	מֵצַח	mêtsach	clear	brow, forehead, impudent.
H4370	2	מִכְנָס	miknâç	hiding	breeches.
H906	2	בַּד	bad	divided	linen.
H2471	2	חַלָּה	challâh	cake	cake.
H7550	2	רָקִיק	râqîyq	cake	cake, wafer.
H5560	2	סֹלֶת	çôleth	strip	(fine) flour, meal.
H5145	2	נֶזֶר	nezer	set apart	consecration, crown, hair, separation.
H3550	2	כְּהֻנָּה	kᵉhunnâh	priesthood	priesthood, priest's office.
H3508	2	יֹתֶרֶת	yôthereth	lobe	caul.
H3516	2	כָּבֵד	kâbêd	liver	liver.
H3629	2	כִּלְיָה	kilyâh	kidney	kidneys, reins.
H5409	2	נֵתַח	nêthach	fragment	part, piece.
H8571	2	תְּנוּךְ	tᵉnûwk	protraction	tip.
H931	2	בֹּהֶן	bôhen	thick	thumb, great toe.
H2373	2	חָזֶה	châzeh	breast	breast.
H3725	2	כִּפֻּר	kippur	expiation	atonement.
H7253	2	רֶבַע	rebaʻ	fourth	fourth part, side, square.
H1406	2	גָּג	gâg	roof	roof (of the house), (house) top (of the house).
H7545	2	רֹקַח	rôqach	aromatic	confection, ointment.
H1854	2	דָּקַק	dâqaq	crush	beat in pieces (small), bruise, make dust, (into) × powder, (be, very) small, stamp (small).
H6950	2	קָהַל	qâhal	convoke	assemble (selves) (together), gather (selves) (together).
H6458	2	פָּסַל	pâçal	carve	grave, hew.
H5081	2	נָדִיב	nâdîyb	voluntary	free, liberal (things), noble, prince, willing (hearted).
H4340	2	מֵיתָר	mêythâr	cord	cord, string.
H2901	2	טָוָה	ṭâvâh	spin	spin.
H5071	2	נְדָבָה	nᵉdâbâh	spontaneity	free(-will) offering, freely, plentiful, voluntary(-ily, offering), willing(-ly), offering).
H1767	2	דַּי	day	enough	able, according to, after (ability), among, as (oft as), (more than) enough, from, in, since, (much as is) sufficient(-ly), too much, very, when.
H6633	2	צָבָא	tsâbâʼ	mass	assemble, fight, perform, muster, wait upon, war.
H6826	2	צִפּוּי	tsippûwy	encasement	covering, overlaying.
H6187	2	עֵרֶךְ	ʻêrek	pile	equal, estimation, (things that are set in) order, price, proportion, × set at, suit, taxation, × valuest.
H2319	1	חָדָשׁ	châdâsh	new	fresh, new thing.
H6099	1	עָצוּם	ʻâtsûwm	powerful	feeble, great, mighty, must, strong.
H2449	1	חָכַם	châkam	be wise	× exceeding, teach wisdom, be (make self, shew self) wise, deal (never so) wisely, make wiser.
H4522	1	מַס	maç	burden	discomfited, levy, task(-master), tribute(-tary).
H4543	1	מִסְכְּנָה	miçkᵉnâh	magazine	store(-house), treasure.
H6619	1	פִּתֹם	Pithôm	Pithom	Pithom.
H6973	1	קוּץ	qûwts	be	abhor, be distressed, be grieved, loathe, vex, be weary.
H8236	1	שִׁפְרָה	Shiphrâh	Shiphrah	Shiphrah.
H6326	1	פּוּעָה	Pûwʻâh	brilliancy	Puah.
H70	1	אֹבֶן	ʼôben	pair of stones	wheel, stool.
H2422	1	חָיֶה	châyeh	vigorous	lively.
H3209	1	יִלּוֹד	yillôwd	born	born.
H3391	1	יֶרַח	yerach	lunation	month, moon.
H1573	1	גֹּמֶא	gômeʼ	absorbent	(bul-) rush.
H2560	1	חָמַר	châmar	boil	daub, befoul, be red, trouble.
H2203	1	זֶפֶת	zepheth	liquify	pitch.
H2550	1	חָמַל	châmal	commiserate	have compassion, (have) pity, spare.
H5959	1	עַלְמָה	ʻalmâh	lass	damsel, maid, virgin.
H5134	1	נוּק	nûwq	suckle	nurse.
H4871	1	מָשָׁה	mâshâh	pull out	draw(out).
H2934	1	טָמַן	ṭâman	hide	hide, lay privily, in secret.
H403	1	אָכֵן	ʼâkên	firmly	but, certainly, nevertheless, surely, truly, verily.
H7298	1	רַהַט	rahaṭ	hollow out	gallery, gutter, trough.
H584	1	אָנַח	ʼânach	sigh	groan, mourn, sigh.
H7775	1	שַׁוְעָה	shavʻâh	hallooing	crying.
H3827	1	לַבָּה	labbâh	flame	flame.
H1988	1	הֲלֹם	hălôm	hither	here, hither(-(to)), thither.
H5394	1	נָשַׁל	nâshal	pluck off	cast (out), drive, loose, put off (out), slip.
H4341	1	מַכְאֹב	makʼôb	anguish	grief, pain, sorrow.
H3906	1	לַחַץ	lachats	distress	affliction, oppression.
H2180	1	זָנָב	zânâb	flapping	tail.
H6879	1	צָרַע	tsâraʻ	scourge	leper, leprous.
H7950	1	שֶׁלֶג	sheleg	snow	snow(-y).
H314	1	אַחֲרוֹן	ʼachărôwn	hinder	after (-ward), to come, following, hind(-er, -ermost, -most), last, latter, rereward, ut(ter) most.
H3006	1	יַבֶּשֶׁת	yabbesheth	dry ground	dry land.
H483	1	אִלֵּם	ʼillêm	speechless	dumb (man).
H2795	1	חֵרֵשׁ	chêrêsh	deaf	deaf.
H5787	1	עִוֵּר	ʻivvêr	blind	blind (men, people).
H3500	1	יֶתֶר	Yether	Jether	Jether, Jethro. Compare 3503.
H4411	1	מָלוֹן	mâlôwn	lodgment	inn, place where...lodge, lodging (place).
H4139	1	מוּלָה	mûwlâh	circumcision	circumcision.
H213	1	אוּץ	ʼûwts	press	(make) haste(-n, -y), labor, be narrow.
H8506	1	תֹּכֶן	tôken	fixed quantity	measure, tale.
H4181	1	מוֹרָשָׁה	môwrâshâh	possession	heritage, inheritance, possession.
H7115	1	קֹצֶר	qôtser	shortness	anguish.
H6396	1	פַּלּוּא	Pallûwʼ	distinguished	Pallu, Phallu.
H2696	1	חֶצְרוֹן	Chetsrôwn	Chetsron	Hezron.
H3756	1	כַּרְמִי	Karmîy	Karmi	Carmi.
H3223	1	יְמוּאֵל	Yᵉmûwʼêl	day of God	Jemuel.
H3226	1	יָמִין	Yâmîyn	Jamin	Jamin. See also 1144.
H161	1	אֹהַד	ʼÔhad	Ohad	Ohad.
H3199	1	יָכִין	Yâkîyn	Jakin	Jachin.
H3845	1	לִבְנִי	Libnîy	white	Libni.
H8096	1	שִׁמְעִי	Shimʻîy	famous	Shimeah (from the margin), Shimei, Shimhi, Shimi.
H4249	1	מַחְלִי	Machlîy	Machli	Mahli.
H4187	1	מוּשִׁי	Mûwshîy	Mushi	Mushi.
H3115	1	יוֹכֶבֶד	Yôwkebed	Jokebed	Jochebed.
H5298	1	נֶפֶג	Nepheg	spring forth	Nepheg.
H2147	1	זִכְרִי	Zikrîy	Zicri	Zichri.
H4332	1	מִישָׁאֵל	Mîyshâʼêl	Mishael	Mishael.
H469	1	אֱלִיצָפָן	ʼĔlîytsâphân	Elitsaphan	Elizaphan, Elzaphan.
H5644	1	סִתְרִי	Çithrîy	protective	Zithri.
H472	1	אֱלִישֶׁבַע	ʼĔlîyshebaʻ	Elisheba	Elisheba.
H5992	1	עַמִּינָדָב	ʻAmmîynâdâb	people of liberality	Amminadab.
H5177	1	נַחְשׁוֹן	Nachshôwn	enchanter	Naashon, Nahshon.
H617	1	אַסִּיר	ʼAççîyr	Assir	Assir.
H511	1	אֶלְקָנָה	ʼElqânâh	Elkanah	Elkanah.
H23	1	אֲבִיאָסָף	ʼĂbîyʼâçâph	Abiasaph	Abiasaph.
H7145	1	קׇרְחִי	Qorchîy	a Korchite	Korahite, Korathite, sons of Kore, Korhite.
H6317	1	פּוּטִיאֵל	Pûwṭîyʼêl	contempt of God	Putiel.
H6372	1	פִּינְחָס	Pîynᵉchâç	Pinechas	Phinehas.
H5030	1	נָבִיא	nâbîyʼ	prophet	prophecy, that prophesy, prophet.
H3858	1	לַהַט	lahaṭ	blaze	flaming, enchantment.
H4723	1	מִקְוֶה	miqveh	waited	abiding, gathering together, hope, linen yarn, plenty (of water), pool.
H2315	1	חֶדֶר	cheder	apartment	((bed) inner) chamber, innermost(-ward) part, parlour, south, × within.
H8574	1	תַּנּוּר	tannûwr	fire-pot	furnace, oven.
H6286	1	פָּאַר	pâʼar	gleam	beautify, boast self, go over the boughs, glorify (self), glory, vaunt self.
H6651	1	צָבַר	tsâbar	aggregate	gather (together), heap (up), lay up.
H7309	1	רְוָחָה	rᵉvâchâh	relief	breathing, respite.
H6304	1	פְּדוּת	pᵉdûwth	distinction	division, redeem, redemption.
H2048	1	הָתַל	hâthal	deride	deal deceitfully, deceive, mock.
H2651	1	חֹפֶן	chôphen	fist	fists, (both) hands, hand(-ful).
H80	1	אָבָק	ʼâbâq	particles	(small) dust, powder.
H4046	1	מַגֵּפָה	maggêphâh	pestilence	(× be) plague(-d), slaughter, stroke.
H199	1	אוּלָם	ʼûwlâm	however	as for, but, howbeit, in very deed, surely, truly, wherefore.
H5549	1	סָלַל	çâlal	mound	cast up, exalt (self), extol, make plain, raise up.
H3245	1	יָסַד	yâçad	set	appoint, take counsel, establish, (lay the, lay for a) found(-ation), instruct, lay, ordain, set, × sure.
H5756	1	עוּז	ʻûwz	be strong	gather (self, self to flee), retire.
H1392	1	גִּבְעֹל	gibʻôl	calyx of a flower	bolled.
H3698	1	כֻּסֶּמֶת	kuççemeth	spelt	fitches, rie.
H648	1	אָפִיל	ʼâphîyl	unripe	not grown up.
H5413	1	נָתַךְ	nâthak	flow forth	drop, gather (together), melt, pour (forth, out).
H5953	1	עָלַל	ʻâlal	effect thoroughly	abuse, affect, × child, defile, do, glean, mock, practise, thoroughly, work (wonderfully).
H6413	1	פְּלֵיטָה	pᵉlêyṭâh	deliverance	deliverance, (that is) escape(-d), remnant.
H6	1	אָבַד	ʼâbad	wander	break, destroy(-uction), not escape, fail, lose, (cause to, make) perish, spend, × and surely, take, be undone, × utterly, be void of, have no way to flee.
H2821	1	חָשַׁךְ	châshak	be dark	be black, be (make) dark, darken, cause darkness, be dim, hide.
H653	1	אֲפֵלָה	ʼăphêlâh	duskiness	dark, darkness, gloominess, × thick.
H6541	1	פַּרְסָה	parçâh	claw	claw, (cloven-) footed, hoof.
H5061	1	נֶגַע	negaʻ	blow	plague, sore, stricken, stripe, stroke, wound.
H3617	1	כָּלָה	kâlâh	completion	altogether, (be, utterly) consume(-d), consummation(-ption), was determined, (full, utter) end, riddance.
H7468	1	רְעוּת	rᵉʻûwth	associate	another, mate, neighbour.
H2676	1	חָצוֹת	châtsôwth	middle	mid(-night).
H7347	1	רֵחֶה	rêcheh	pulverize	mill (stone).
H2782	1	חָרַץ	chârats	point	bestir self, decide, decree, determine, maim, move.
H2750	1	חֳרִי	chŏrîy	burning	fierce, × great, heat.
H6218	1	עָשׂוֹר	ʻâsôwr	ten	(instrument of) ten (strings, -th).
H4373	1	מִכְסָה	mikçâh	enumeration	number, worth.
H3699	1	כָּסַס	kâçaç	estimate	make count.
H4844	1	מְרֹר	mᵉrôr	bitter herb	bitter(-ness).
H4995	1	נָא	nâʼ	tough	raw.
H1311	1	בָּשֵׁל	bâshêl	boiled	× at all, sodden.
H2649	1	חִפָּזוֹן	chippâzôwn	hasty flight	haste.
H4889	1	מַשְׁחִית	mashchîyth	destructive	corruption, (to) destroy(-ing), destruction, trap, × utterly.
H92	1	אֲגֻדָּה	ʼăguddâh	bind	bunch, burden, troop.
H231	1	אֵזוֹב	ʼêzôwb	hyssop	hyssop.
H2881	1	טָבַל	ṭâbal	dip	dip, plunge.
H7273	1	רַגְלִי	raglîy	footman	(on) foot(-man).
H6154	1	עֵרֶב	ʻêreb	web	Arabia, mingled people, mixed (multitude), woof.
H5692	1	עֻגָּה	ʻuggâh	ashcake	cake (upon the hearth).
H7698	1	שֶׁגֶר	sheger	eject	that cometh of, increase.
H2903	1	טוֹפָפָה	ṭôwphâphâh	go around	frontlet.
H2571	1	חָמֻשׁ	châmush	staunch	armed (men), harnessed.
H864	1	אֵתָם	ʼÊthâm	Etham	Etham.
H4024	1	מִגְדּוֹל	Migdôwl	Migdol	Migdol, tower.
H5226	1	נֵכַח	nêkach	be straightforward	before, over against.
H943	1	בּוּךְ	bûwk	involve	be entangled, (perplexed).
H1097	1	בְּלִי	bᵉlîy	failure	corruption, ig(norantly), for lack of, where no...is, so that no, none, not, un(awares), without.
H2724	1	חָרָבָה	chârâbâh	desert	dry (ground, land).
H821	1	אַשְׁמֻרָה	ʼashmurâh	watch	watch.
H212	1	אוֹפָן	ʼôwphân	wheel	wheel.
H3517	1	כְּבֵדֻת	kᵉbêduth	difficulty	× heavily.
H386	1	אֵיתָן	ʼêythân	continue	hard, mighty, rough, strength, strong.
H5287	1	נָעַר	nâʻar	rustling	shake (off, out, self), overthrow, toss up and down.
H2176	1	זִמְרָת	zimrâth	music	song.
H5115	1	נָוָה	nâvâh	rest	keep at home, prepare an habitation.
H4005	1	מִבְחָר	mibchâr	select	choice(-st), chosen.
H2883	1	טָבַע	ṭâbaʻ	sink	drown, fasten, settle, sink.
H4688	1	מְצוֹלָה	mᵉtsôwlâh	deep	bottom, deep, depth.
H7492	1	רָעַץ	râʻats	break	dash in pieces, vex.
H1347	1	גָּאוֹן	gâʼôwn		arrogancy, excellency(-lent), majesty, pomp, pride, proud, swelling.
H6192	1	עָרַם	ʻâram	pile	gather together.
H5067	1	נֵד	nêd	piling	heap.
H5140	1	נָזַל	nâzal	drip	distil, drop, flood, (cause to) flow(-ing), gush out, melt, pour (down), running water, stream.
H7087	1	קָפָא	qâphâʼ	shrink	congeal, curdle, dark, settle.
H5398	1	נָשַׁף	nâshaph	breeze	blow.
H6749	1	צָלַל	tsâlal	tumble	sink. Compare 6750, 6751.
H5777	1	עוֹפֶרֶת	ʻôwphereth	lead	lead.
H117	1	אַדִּיר	ʼaddîyr	wide	excellent, famous, gallant, glorious, goodly, lordly, mighty(-ier one), noble, principal, worthy.
H6382	1	פֶּלֶא	peleʼ	miracle	marvellous thing, wonder(-ful, -fully).
H5095	1	נָהַל	nâhal	sparkle	carry, feed, guide, lead (gently, on).
H5116	1	נָוֶה	nâveh	at home	comely, dwelling (place), fold, habitation, pleasant place, sheepcote, stable, tarried.
H2427	1	חִיל	chîyl	throe	pain, pang, sorrow.
H926	1	בָּהַל	bâhal	tremble	be (make) affrighted (afraid, amazed, dismayed, rash), (be, get, make) haste(-n, -y, -ily), (give) speedy(-ily), thrust out, trouble, vex.
H4127	1	מוּג	mûwg	melt	consume, dissolve, (be) faint(-hearted), melt (away), make soft.
H6343	1	פַּחַד	pachad	alarm	dread(-ful), fear, (thing) great (fear, -ly feared), terror.
H1826	1	דָּמַם	dâmam	be dumb	cease, be cut down (off), forbear, hold peace, quiet self, rest, be silent, keep (put to) silence, be (stand) still, tarry, wait.
H5159	1	נַחֲלָה	nachălâh	inherited	heritage, to inherit, inheritance, possession. Compare 5158.
H4349	1	מָכוֹן	mâkôwn	fixture	foundation, habitation, (dwelling-, settled) place.
H6466	1	פָּעַל	pâʻal	do	commit, (evil-) do(-er), make(-r), ordain, work(-er).
H5703	1	עַד	ʻad	terminus	eternity, ever(-lasting, -more), old, perpetually, world without end.
H5031	1	נְבִיאָה	nᵉbîyʼâh	prophetess	prophetess.
H4751	1	מַר	mar	bitter	angry, bitter(-ly, -ness), chafed, discontented, × great, heavy.
H4985	1	מָתַק	mâthaq	suck	be (made, × take) sweet.
H238	1	אָזַן	ʼâzan	expand	give (perceive by the) ear, hear(-ken). See 239.
H8558	1	תָּמָר	tâmâr	be erect	palm (tree).
H7648	1	שֹׂבַע	sôbaʻ	satisfaction	fill, full(-ness), satisfying, be satisfied.
H7958	1	שְׂלָו	sᵉlâv	sluggishness	quails.
H2636	1	חַסְפַּס	chaçpaç	peel	round thing.
H3713	1	כְּפוֹר	kᵉphôwr	cover	bason, hoar(-y) frost.
H4058	1	מָדַד	mâdad	stretch	measure, mete, stretch self.
H2552	1	חָמַם	châmam	be hot	enflame self, get (have) heat, be (wax) hot, (be, wax) warm (self, at).
H4549	1	מָסַס	mâçaç	liquefy	discourage, faint, be loosed, melt (away), refuse, × utterly.
H7415	1	רִמָּה	rimmâh	breeding	worm.
H2940	1	טַעַם	ṭaʻam	taste	advice, behaviour, decree, discretion, judgment, reason, taste, understanding.
H6838	1	צַפִּיחִת	tsappîychith	cake	wafer.
H6803	1	צִנְצֶנֶת	tsintseneth	vase	pot.
H374	1	אֵיפָה	ʼêyphâh	ephah	ephah, (divers) measure(-s).
H6772	1	צָמָא	tsâmâʼ	thirst	thirst(-y).
H4532	1	מַסָּה	Maççâh	Massah	Massah.
H4809	1	מְרִיבָה	Mᵉrîybâh	Meribah	Meribah.
H8551	1	תָּמַךְ	tâmak	sustain	(take, up-) hold (up), maintain, retain, stay (up).
H530	1	אֱמוּנָה	ʼĕmûwnâh	firmness	faith(-ful, -ly, -ness, (man)), set office, stability, steady, truly, truth, verily.
H2522	1	חָלַשׁ	châlash	prostrate	discomfit, waste away, weaken.
H7964	1	שִׁלּוּחַ	shillûwach	dismissal	presents, have sent back.
H461	1	אֱלִיעֶזֶר	ʼĔlîyʻezer	God of help	Eliezer.
H8513	1	תְּלָאָה	tᵉlâʼâh	distress	travail, travel, trouble.
H2302	1	חָדָה	châdâh	rejoice	make glad, be joined, rejoice.
H2094	1	זָהַר	zâhar	gleam	admonish, shine, teach, (give) warn(-ing).
H1215	1	בֶּצַע	betsaʻ	plunder	covetousness, (dishonest) gain, lucre, profit.
H5404	1	נֶשֶׁר	nesher	eagle	eagle.
H5459	1	סְגֻלָּה	çᵉgullâh	shut	jewel, peculiar (treasure), proper good, special.
H5645	1	עָב	ʻâb	envelope	clay, (thick) cloud, × thick, thicket. Compare 5672.
H3104	1	יוֹבֵל	yôwbêl	blast	jubile, ram's horn, trumpet.
H1300	1	בָּרָק	bârâq	lightning	bright, glitter(-ing sword), lightning.
H8482	1	תַּחְתִּי	tachtîy	lowermost	low (parts, -er, -er parts, -est), nether (part).
H6225	1	עָשַׁן	ʻâshan	smoke	be angry (be on a) smoke.
H2390	1	חָזֵק	châzêq	powerful	× wax louder, stronger.
H6459	1	פֶּסֶל	peçel	idol	carved (graven) image.
H8544	1	תְּמוּנָה	tᵉmûwnâh	portioned	image, likeness, similitude.
H748	1	אָרַךְ	ʼârak	be	defer, draw out, lengthen, (be, become, make, pro-) long, (out-, over-) live, tarry (long).
H5003	1	נָאַף	nâʼaph	commit adultery	adulterer(-ess), commit(-ing) adultery, woman that breaketh wedlock.
H3940	1	לַפִּיד	lappîyd	shine	(fire-) brand, (burning) lamp, lightning, torch.
H6226	1	עָשֵׁן	ʻâshên	smoky	smoking.
H6205	1	עֲרָפֶל	ʻărâphel	gloom	(gross, thick) dark (cloud, -ness).
H1496	1	גָּזִית	gâzîyth	cut	hewed, hewn stone, wrought.
H4609	1	מַעֲלָה	maʻălâh	elevation	things that come up, (high) degree, deal, go up, stair, step, story.
H7527	1	רָצַע	râtsaʻ	pierce	bore.
H4836	1	מַרְצֵעַ	martsêaʻ	awl	aul.
H898	1	בָּגַד	bâgad	cover	deal deceitfully (treacherously, unfaithfully), offend, transgress(-or), (depart), treacherous (dealer, -ly, man), unfaithful(-ly, man), × very.
H7607	1	שְׁאֵר	shᵉʼêr	flesh	body, flesh, food, (near) kin(-sman, -swoman), near (nigh) (of kin).
H5772	1	עוֹנָה	ʻôwnâh	dwell	duty of marriage.
H6658	1	צָדָה	tsâdâh	chase	destroy, hunt, lie in wait.
H579	1	אָנָה	ʼânâh	contraction	befall, deliver, happen, seek a quarrel.
H6195	1	עׇרְמָה	ʻormâh	trickery	guile, prudence, subtilty, wilily, wisdom.
H106	1	אֶגְרֹף	ʼegrôph	grasping	fist.
H4938	1	מִשְׁעֵנָה	mishʻênâh	support	staff.
H7674	1	שֶׁבֶת	shebeth	rest	cease, sit still, loss of time.
H6414	1	פָּלִיל	pâlîyl	magistrate	judge.
H6306	1	פִּדְיוֹם	pidyôwm	ransom	ransom, that were redeemed, redemption.
H3738	1	כָּרָה	kârâh	dig	dig, × make (a banquet), open.
H2873	1	טָבַח	ṭâbach	slaughter	kill, (make) slaughter, slay.
H4290	1	מַחְתֶּרֶת	machtereth	burglary	breaking up, secret search.
H2224	1	זָרַח	zârach	irradiate	arise, rise (up), as soon as it is up.
H6975	1	קוֹץ	qôwts	thorn	thorn.
H1430	1	גָּדִישׁ	gâdîysh	stack	shock (stack) (of corn), tomb.
H7054	1	קָמָה	qâmâh	rises	(standing) corn, grown up, stalk.
H1200	1	בְּעֵרָה	bᵉʻêrâh	burning	fire.
H9	1	אֲבֵדָה	ʼăbêdâh	lost	lost.
H7561	1	רָשַׁע	râshaʻ	be	condemn, make trouble, vex, be (commit, deal, depart, do) wicked(-ly, -ness).
H6601	1	פָּתָה	pâthâh	open	allure, deceive, enlarge, entice, flatter, persuade, silly (one).
H781	1	אָרַשׂ	ʼâras	engage for matrimony	betroth, espouse.
H4119	1	מֹהַר	môhar	price	dowry.
H2763	1	חָרַם	châram	seclude	make accursed, consecrate, (utterly) destroy, devote, forfeit, have a flat nose, utterly (slay, make away).
H3238	1	יָנָה	yânâh	rage	destroy, (thrust out by) oppress(-ing, -ion, -or), proud, vex, do violence.
H3867	1	לָוָה	lâvâh	twine	abide with, borrow(-er), cleave, join (self), lend(-er).
H5383	1	נָשָׁה	nâshâh	lend	creditor, exact, extortioner, lend, usurer, lend on (taker on) usury.
H5392	1	נֶשֶׁךְ	neshek	interest	usury.
H4395	1	מְלֵאָה	mᵉlêʼâh	fulfilled	(first of ripe) fruit, fulness.
H1831	1	דֶּמַע	demaʻ	tear	liquor.
H8066	1	שְׁמִינִי	shᵉmîynîy	eight	eight.
H8088	1	שֵׁמַע	shêmaʻ	heard	bruit, fame, hear(-ing), loud, report, speech, tidings.
H1921	1	הָדַר	hâdar	swell	countenance, crooked place, glorious, honour, put forth.
H4853	1	מַשָּׂא	massâʼ	burden	burden, carry away, prophecy, × they set, song, tribute.
H5786	1	עָוַר	ʻâvar	blind	blind, put out. See also 5895.
H8393	1	תְּבוּאָה	tᵉbûwʼâh	income	fruit, gain, increase, revenue.
H8058	1	שָׁמַט	shâmaṭ	fling down	discontinue, overthrow, release, let rest, shake, stumble, throw down.
H5203	1	נָטַשׁ	nâṭash	pound	cast off, drawn, let fall, forsake, join (battle), leave (off), lie still, loose, spread (self) abroad, stretch out, suffer.
H340	1	אָיַב	ʼâyab	to hate	be an enemy.
H6696	1	צוּר	tsûwr	cramp	adversary, assault, beset, besiege, bind (up), cast, distress, fashion, fortify, inclose, lay siege, put up in bags.
H6880	1	צִרְעָה	tsirʻâh	wasp	hornet.
H8077	1	שְׁמָמָה	shᵉmâmâh	devastation	(laid, × most) desolate(-ion), waste.
H101	1	אַגָּן	ʼaggân	bowl	basin, cup, goblet.
H3840	1	לִבְנָה	libnâh	whiteness	paved.
H2892	1	טֹהַר	ṭôhar	brightness	clearness, glory, purifying.
H678	1	אָצִיל	ʼâtsîyl	separation	chief man, noble.
H5629	1	סֶרַח	çerach	redundancy	remnant.
H1878	1	דָּשֵׁן	dâshên	be fat	accept, anoint, take away the (receive) ashes (from), make (wax) fat.
H8665	1	תַּשְׁבֵּץ	tashbêts	checkered	broidered.
H4020	1	מִגְבָּלָה	migbâlâh	border	end.
H8331	1	שַׁרְשָׁה	sharshâh	a chain	chain. Compare 8333.
H224	1	אוּרִים	ʼÛwrîym	Urim	Urim.
H8550	1	תֻּמִּים	Tummîym	perfections	Thummim.
H4979	1	מַתָּנָה	mattânâh	present	gift.
H7522	1	רָצוֹן	râtsôwn	delight	(be) acceptable(-ance, -ed), delight, desire, favour, (good) pleasure, (own, self, voluntary) will, as...(what) would.
H640	1	אָפַד	ʼâphad	gird	bind, gird.
H2280	1	חָבַשׁ	châbash	wrap	bind (up), gird about, govern, healer, put, saddle, wrap about.
H3247	1	יְסוֹד	yᵉçôwd	foundation	bottom, foundation, repairing
H6569	1	פֶּרֶשׁ	peresh	excrement	dung.
H5408	1	נָתַח	nâthach	dismember	cut (in pieces), divide, hew in pieces.
H5137	1	נָזָה	nâzâh	spirt	sprinkle.
H451	1	אַלְיָה	ʼalyâh	strength	rump.
H4490	1	מָנָה	mânâh	weighed	such things as belonged, part, portion.
H6241	1	עִשָּׂרוֹן	ʻissârôwn	tenth	tenth deal.
H4729	1	מִקְטָר	miqṭâr	fume	to burn...upon.
H1626	1	גֵּרָה	gêrâh	kernel	gerah.
H6223	1	עָשִׁיר	ʻâshîyr	rich	rich (man).
H4753	1	מֹר	môr	myrrh	myrrh.
H1865	1	דְּרוֹר	dᵉrôwr	move rapidly	liberty, pure.
H7076	1	קִנָּמוֹן	qinnâmôwn	erect	cinnamon.
H6916	1	קִדָּה	qiddâh	cassia	cassia.
H4842	1	מִרְקַחַת	mirqachath	unguent	prepared by the apothecaries' art, compound, ointment.
H3251	1	יָסַךְ	yâçak	pour	be poured.
H5198	1	נָטָף	nâṭâph	drop	drop, stacte.
H7827	1	שְׁחֵלֶת	shᵉchêleth	peeling	onycha.
H2464	1	חֶלְבְּנָה	chelbᵉnâh	galbanam	galbanum.
H3828	1	לְבוֹנָה	lᵉbôwnâh	frankincense	(frank-) incense.
H4414	1	מָלַח	mâlach	rub	× at all, salt, season, temper together, vanish away.
H7833	1	שָׁחַק	shâchaq	comminate	beat, wear.
H954	1	בּוּשׁ	bûwsh	pale	(be, make, bring to, cause, put to, with, a-) shamed(-d), be (put to) confounded(-fusion), become dry, delay, be long.
H2747	1	חֶרֶט	chereṭ	engrave	graving tool, pen.
H4118	1	מַהֵר	mahêr	hurrying	hasteth, hastily, at once, quickly, soon, speedily, suddenly.
H2801	1	חָרַת	chârath	engrave	graven.
H7452	1	רֵעַ	rêaʻ	crash	× aloud, noise, shouted.
H1369	1	גְּבוּרָה	gᵉbûwrâh	force	force, mastery, might, mighty (act, power), power, strength.
H2476	1	חֲלוּשָׁה	chălûwshâh	defeat	being overcome.
H2912	1	טָחַן	ṭâchan	grind	grind(-er).
H2219	1	זָרָה	zârâh	toss	cast away, compass, disperse, fan, scatter (away), spread, strew, winnow.
H8103	1	שִׁמְצָה	shimtsâh	whispering	shame.
H577	1	אָנָּא	ʼânnâʼ	oh now!	I (me) beseech (pray) thee, O.
H56	1	אָבַל	ʼâbal	bewail	lament, mourn.
H5126	1	נוּן	Nûwn	perpetuity	Non, Nun.
H5366	1	נְקָרָה	nᵉqârâh	fissure	cleft, clift.
H7349	1	רַחוּם	rachûwm	compassionate	full of compassion, merciful.
H750	1	אָרֵךְ	ʼârêk	long	long(-suffering, -winged), patient, slow (to anger).
H5545	1	סָלַח	çâlach	forgive	forgive, pardon, spare.
H5422	1	נָתַץ	nâthats	tear	beat down, break down (out), cast down, destroy, overthrow, pull down, throw down.
H842	1	אֲשֵׁרָה	ʼăshêrâh	happy	grove. Compare 6253.
H2758	1	חָרִישׁ	chârîysh	ploughing	earing (time), ground.
H7620	1	שָׁבוּעַ	shâbûwaʻ	sevened	seven, week.
H8622	1	תְּקוּפָה	tᵉqûwphâh	revolution	circuit, come about, end.
H2397	1	חָח	châch	ring	bracelet, chain, hook.
H3558	1	כּוּמָז	kûwmâz	store	tablet.
H4299	1	מַטְוֶה	maṭveh	spun	spun.
H4759	1	מַרְאָה	marʼâh	vision	looking glass, vision.
H1235	1	בֶּקַע	beqaʻ	section	bekah, half a shekel.
H7554	1	רָקַע	râqaʻ	pound	beat, make broad, spread abroad (forth, over, out, into plates), stamp, stretch.
H6341	1	פַּח	pach	sheet	gin, (thin) plate, snare.
H6287	1	פְּאֵר	pᵉʼêr	embellishment	beauty, bonnet, goodly, ornament, tire.
H4634	1	מַעֲרָכָה	maʻărâkâh	arrangement	army, fight, be set in order, ordered place, rank, row.
